Title,Price,Rating,Address,Img_URL,Description,Rank_of_province,Link_ThingToDo
Four Elements Spa,-1,-1,"157 Nam Kỳ Khởi Nghĩa Mai House Saigon Hotel, Phường 6, Quận 3, Thành phố Hồ Chí Minh 700000 Việt Nam",-1,-1,-1,https://www.tripadvisor.com.vn/Attraction_Review-g293925-d19102676-Reviews-Four_Elements_Spa-Ho_Chi_Minh_City.html
Itrek,-1,-1,-1,-1,-1,-1,https://www.tripadvisor.com.vn/Attraction_Review-g293925-d19106143-Reviews-Itrek-Ho_Chi_Minh_City.html
Yen Local,-1,-1,-1,-1,-1,-1,https://www.tripadvisor.com.vn/Attraction_Review-g469420-d19121863-Reviews-Yen_Local-Soc_Trang_Soc_Trang_Province_Mekong_Delta.html
Vé Tàu Hà Nội Lào Cai,-1,-1,"106 Ton Duc Thang street, Hanoi, Hà Nội 110128 Việt Nam",https://dynamic-media-cdn.tripadvisor.com/media/photo-o/19/8b/54/e9/caption.jpg?w=900&h=700&s=1,-1,-1,https://www.tripadvisor.com.vn/Attraction_Review-g293924-d19122741-Reviews-Ve_Tau_Ha_N_i_Lao_Cai-Hanoi.html
Lavender Spa,-1,-1,"87 Đường số 2 Tân Phong, Quận 7, Thành phố Hồ Chí Minh 700000 Việt Nam",-1,-1,-1,https://www.tripadvisor.com.vn/Attraction_Review-g293925-d18928500-Reviews-Lavender_Spa-Ho_Chi_Minh_City.html
The Dad Tourist,-1,-1,-1,-1,-1,-1,https://www.tripadvisor.com.vn/Attraction_Review-g17786366-d18967200-Reviews-The_Dad_Tourist-Son_Tra_Peninsula_Da_Nang.html
Robinson Beach,-1,-1,"Phường Vĩnh Nguyên Bích Đầm, Nha Trang 650000 Việt Nam",-1,-1,-1,https://www.tripadvisor.com.vn/Attraction_Review-g293928-d23018081-Reviews-Robinson_Beach-Nha_Trang_Khanh_Hoa_Province.html
Mama Bau Summit Lodge,-1,-1,-1,-1,-1,-1,https://www.tripadvisor.com.vn/Attraction_Review-g311304-d18964851-Reviews-Mama_Bau_Summit_Lodge-Sapa_Lao_Cai_Province.html
Halong Bay,-1,-1,-1,-1,-1,-1,https://www.tripadvisor.com.vn/Attraction_Review-g293924-d22827389-Reviews-Halong_Bay-Hanoi.html
Aeon Mall Ha Dong,-1,-1,"Khu Dan Cu Hoang Van Thu, P. Duong Noi, Ha Dong, Ha Noi, Ha Dong, Hà Nội 100000 Việt Nam",-1,-1,-1,https://www.tripadvisor.com.vn/Attraction_Review-g17733187-d22978225-Reviews-Aeon_Mall_Ha_Dong-Ha_Dong_Hanoi.html
Da Nang Travels,-1,-1,-1,-1,-1,-1,https://www.tripadvisor.com.vn/Attraction_Review-g298082-d18979412-Reviews-Da_Nang_Travels-Hoi_An_Quang_Nam_Province.html
Paws Official,-1,-1,-1,-1,-1,-1,https://www.tripadvisor.com.vn/Attraction_Review-g293925-d21192542-Reviews-Paws_Official-Ho_Chi_Minh_City.html
NGUYEN Tours - Motorcycle Adventures Vietnam,-1,-1,-1,https://media-cdn.tripadvisor.com/media/attractions-splice-spp-720x480/0b/23/43/b8.jpg,-1,-1,https://www.tripadvisor.com.vn/Attraction_Review-g298085-d21192896-Reviews-NGUYEN_Tours_Motorcycle_Adventures_Vietnam-Da_Nang.html
Travel Curious,-1,-1,-1,-1,-1,-1,https://www.tripadvisor.com.vn/Attraction_Review-g293925-d21192898-Reviews-Travel_Curious-Ho_Chi_Minh_City.html
NGUYEN Tours - Motorcycle Adventures Vietnam,-1,-1,-1,https://media-cdn.tripadvisor.com/media/attractions-splice-spp-720x480/0b/23/44/34.jpg,-1,-1,https://www.tripadvisor.com.vn/Attraction_Review-g293925-d21192902-Reviews-NGUYEN_Tours_Motorcycle_Adventures_Vietnam-Ho_Chi_Minh_City.html
La Pandora Cruises,-1,-1,-1,-1,-1,-1,https://www.tripadvisor.com.vn/Attraction_Review-g293924-d17722190-Reviews-La_Pandora_Cruises-Hanoi.html
Déjà Vu - Cocktail & Wine Bar,-1,-1,"Tầng 1, 142 Huỳnh Cương An Cư, Ninh Kieu 900000 Việt Nam",-1,-1,-1,https://www.tripadvisor.com.vn/Attraction_Review-g17522097-d17732055-Reviews-Deja_Vu_Cocktail_Wine_Bar-Ninh_Kieu_Mekong_Delta.html
Trang Beauty & Nail Care,-1,-1,"Branch 4 SB2 My Khang, Nguyen Luong Bang Street Tan Phu Ward, District 7, Thành phố Hồ Chí Minh 700000 Việt Nam",-1,-1,-1,https://www.tripadvisor.com.vn/Attraction_Review-g293925-d17695785-Reviews-Trang_Beauty_Nail_Care-Ho_Chi_Minh_City.html
Munich Saigon,-1,-1,-1,https://dynamic-media-cdn.tripadvisor.com/media/photo-o/1b/99/d0/6d/getlstd-property-photo.jpg?w=900&h=600&s=1,-1,-1,https://www.tripadvisor.com.vn/Attraction_Review-g293925-d21158266-Reviews-Munich_Saigon-Ho_Chi_Minh_City.html
Uopera tours,-1,-1,-1,-1,-1,-1,https://www.tripadvisor.com.vn/Attraction_Review-g13163470-d21164254-Reviews-Uopera_tours-Bai_Chay_Halong_Bay_Quang_Ninh_Province.html
Mr Leo,-1,-1,-1,-1,-1,-1,https://www.tripadvisor.com.vn/Attraction_Review-g469418-d21172901-Reviews-Mr_Leo-Phu_Quoc_Island_Kien_Giang_Province.html
Nha Trang Bay,-1,-1,-1,-1,-1,-1,https://www.tripadvisor.com.vn/Attraction_Review-g293928-d17713635-Reviews-Nha_Trang_Bay-Nha_Trang_Khanh_Hoa_Province.html
One Travel Vietnam,-1,-1,-1,https://media-cdn.tripadvisor.com/media/attractions-splice-spp-720x480/07/b3/5c/a2.jpg,-1,-1,https://www.tripadvisor.com.vn/Attraction_Review-g298085-d17720469-Reviews-One_Travel_Vietnam-Da_Nang.html
Miss Saigon Private Tour,-1,-1,-1,-1,-1,-1,https://www.tripadvisor.com.vn/Attraction_Review-g293925-d17707947-Reviews-Miss_Saigon_Private_Tour-Ho_Chi_Minh_City.html
BA ZÔ BẢ,-1,-1,-1,-1,-1,-1,https://www.tripadvisor.com.vn/Attraction_Review-g293924-d17748267-Reviews-BA_ZO_B-Hanoi.html
Tran Nguyen Thao,-1,-1,-1,-1,-1,-1,https://www.tripadvisor.com.vn/Attraction_Review-g303942-d17740608-Reviews-Tran_Nguyen_Thao-Can_Tho_Mekong_Delta.html
Nón Ngựa Phú Gia,-1,-1,"Lot 45 Nguyen Thi Dinh, Quy Nhơn 53000 Việt Nam",-1,-1,-1,https://www.tripadvisor.com.vn/Attraction_Review-g608528-d21241385-Reviews-Non_Ngua_Phu_Gia-Quy_Nhon_Binh_Dinh_Province.html
Son Tra Tour,-1,-1,-1,-1,-1,-1,https://www.tripadvisor.com.vn/Attraction_Review-g298085-d17761039-Reviews-Son_Tra_Tour-Da_Nang.html
Trekking Saps with Lem Lô,-1,-1,-1,-1,-1,-1,https://www.tripadvisor.com.vn/Attraction_Review-g311304-d17736740-Reviews-Trekking_Saps_with_Lem_Lo-Sapa_Lao_Cai_Province.html
Jenny Nguyen,-1,-1,-1,-1,-1,-1,https://www.tripadvisor.com.vn/Attraction_Review-g298082-d17736441-Reviews-Jenny_Nguyen-Hoi_An_Quang_Nam_Province.html
Haus Of Royalty,-1,-1,-1,-1,-1,-1,https://www.tripadvisor.com.vn/Attraction_Review-g293925-d21209727-Reviews-Haus_Of_Royalty-Ho_Chi_Minh_City.html
Kai Nguyen,-1,-1,-1,-1,-1,-1,https://www.tripadvisor.com.vn/Attraction_Review-g298085-d17736533-Reviews-Kai_Nguyen-Da_Nang.html
Yo Hu Dinh,-1,-1,-1,-1,-1,-1,https://www.tripadvisor.com.vn/Attraction_Review-g311304-d17736806-Reviews-Yo_Hu_Dinh-Sapa_Lao_Cai_Province.html
Hoang Huy,-1,-1,-1,-1,-1,-1,https://www.tripadvisor.com.vn/Attraction_Review-g298085-d17736075-Reviews-Hoang_Huy-Da_Nang.html
Junie Trang,-1,-1,-1,-1,-1,-1,https://www.tripadvisor.com.vn/Attraction_Review-g293924-d17735716-Reviews-Junie_Trang-Hanoi.html
Ky Anh Massage & Spa,-1,-1,-1,-1,-1,-1,https://www.tripadvisor.com.vn/Attraction_Review-g293924-d17736091-Reviews-Ky_Anh_Massage_Spa-Hanoi.html
1950 by Duc Hanh,-1,-1,-1,https://dynamic-media-cdn.tripadvisor.com/media/photo-o/1b/bf/f5/02/getlstd-property-photo.jpg?w=900&h=600&s=1,-1,-1,https://www.tripadvisor.com.vn/Attraction_Review-g293924-d21216484-Reviews-1950_by_Duc_Hanh-Hanoi.html
Excursions & Adventures,-1,-1,-1,-1,-1,-1,https://www.tripadvisor.com.vn/Attraction_Review-g298082-d17735744-Reviews-Excursions_Adventures-Hoi_An_Quang_Nam_Province.html
Annie Huynh Anh,-1,-1,-1,-1,-1,-1,https://www.tripadvisor.com.vn/Attraction_Review-g293925-d17737412-Reviews-Annie_Huynh_Anh-Ho_Chi_Minh_City.html
Donald Gerard Ng,-1,-1,-1,-1,-1,-1,https://www.tripadvisor.com.vn/Attraction_Review-g293924-d17736976-Reviews-Donald_Gerard_Ng-Hanoi.html
NGUYEN Tours - Motorcycle Adventures Vietnam,-1,-1,-1,https://media-cdn.tripadvisor.com/media/attractions-splice-spp-720x480/0b/23/53/da.jpg,-1,-1,https://www.tripadvisor.com.vn/Attraction_Review-g293924-d21192967-Reviews-NGUYEN_Tours_Motorcycle_Adventures_Vietnam-Hanoi.html
Tien Thanh Beach,-1,-1,-1,-1,-1,-1,https://www.tripadvisor.com.vn/Attraction_Review-g19439206-d21197402-Reviews-Tien_Thanh_Beach-Tien_Thanh_Phan_Thiet_Binh_Thuan_Province.html
Hebe's Naturals,-1,-1,"15 Hang Da Street, Hoan Kiem District (Old Quarter Hanoi), Hà Nội 100000 Việt Nam",https://dynamic-media-cdn.tripadvisor.com/media/photo-o/1b/b2/5c/39/caption.jpg?w=900&h=600&s=1,-1,-1,https://www.tripadvisor.com.vn/Attraction_Review-g293924-d21197925-Reviews-Hebe_s_Naturals-Hanoi.html
Valery Gogol,-1,-1,-1,-1,-1,-1,https://www.tripadvisor.com.vn/Attraction_Review-g293925-d17735935-Reviews-Valery_Gogol-Ho_Chi_Minh_City.html
Thủy Anh Vũ,-1,-1,-1,https://dynamic-media-cdn.tripadvisor.com/media/photo-o/17/4b/27/a6/caption.jpg?w=900&h=600&s=1,-1,-1,https://www.tripadvisor.com.vn/Attraction_Review-g293924-d17736371-Reviews-Th_y_Anh_Vu-Hanoi.html
Ailen Garden Hotel Transfer Service,-1,-1,-1,-1,-1,-1,https://www.tripadvisor.com.vn/Attraction_Review-g293925-d17713621-Reviews-Ailen_Garden_Hotel_Transfer_Service-Ho_Chi_Minh_City.html
Lan Huế,-1,-1,-1,-1,-1,-1,https://www.tripadvisor.com.vn/Attraction_Review-g293926-d17737025-Reviews-Lan_Hu-Hue_Thua_Thien_Hue_Province.html
Sanjo Blade,-1,-1,-1,https://dynamic-media-cdn.tripadvisor.com/media/photo-o/18/4f/59/de/caption.jpg?w=900&h=600&s=1,-1,-1,https://www.tripadvisor.com.vn/Attraction_Review-g293925-d17737556-Reviews-Sanjo_Blade-Ho_Chi_Minh_City.html
John King Kong,-1,-1,-1,-1,-1,-1,https://www.tripadvisor.com.vn/Attraction_Review-g293925-d17737577-Reviews-John_King_Kong-Ho_Chi_Minh_City.html
Niinuma Energy Lighting LED Light Showroom center,-1,-1,-1,-1,-1,-1,https://www.tripadvisor.com.vn/Attraction_Review-g293924-d21232853-Reviews-Niinuma_Energy_Lighting_LED_Light_Showroom_center-Hanoi.html
iTours & Travels,-1,-1,-1,-1,-1,-1,https://www.tripadvisor.com.vn/Attraction_Review-g293925-d21235647-Reviews-ITours_Travels-Ho_Chi_Minh_City.html
iBestour,-1,-1,-1,-1,-1,-1,https://www.tripadvisor.com.vn/Attraction_Review-g293925-d17673864-Reviews-IBestour-Ho_Chi_Minh_City.html
Duong Jewelry,-1,-1,"48 Hang Trong Hoàn Kiếm, Hà Nội 10000 Việt Nam",-1,-1,-1,https://www.tripadvisor.com.vn/Attraction_Review-g293924-d21142314-Reviews-Duong_Jewelry-Hanoi.html
Diem Phung Thi Art Museum,-1,-1,-1,-1,-1,-1,https://www.tripadvisor.com.vn/Attraction_Review-g2146376-d21001236-Reviews-Diem_Phung_Thi_Art_Museum-Thua_Thien_Hue_Province.html
The Golf Hub,-1,-1,"30A Lý Thường Kiệt, phường Hàng Bài, quận Hoàn Kiếm, Hà Nội 100000 Việt Nam",-1,-1,-1,https://www.tripadvisor.com.vn/Attraction_Review-g293924-d21373888-Reviews-The_Golf_Hub-Hanoi.html
Saigonese Photography Tour,-1,-1,-1,-1,-1,-1,https://www.tripadvisor.com.vn/Attraction_Review-g293925-d18847131-Reviews-Saigonese_Photography_Tour-Ho_Chi_Minh_City.html
Du Lịch Hoàng Anh,-1,-1,-1,-1,-1,-1,https://www.tripadvisor.com.vn/Attraction_Review-g298085-d21391995-Reviews-Du_L_ch_Hoang_Anh-Da_Nang.html
